{
  "rawData": [
    "testing"
  ],
  "embeddings": [
    [
      0.12582,
      0.20374,
      -0.11233,
      0.30449,
      -0.97691,
      -0.55421,
      0.42864,
      0.79282,
      -0.71571,
      0.75866,
      -0.10766,
      -0.35286,
      0.033271,
      -0.07644,
      0.34695,
      0.24515,
      0.53851,
      0.71005,
      0.052207,
      -0.13232,
      -0.47339,
      -0.17996,
      0.1982,
      -0.065087,
      -0.4349,
      0.43432,
      -0.095126,
      -0.39664,
      -0.47979,
      0.49398,
      -0.36787,
      0.20306,
      -0.34971,
      0.29699,
      1.0122,
      0.093338,
      -0.34915,
      -0.45919,
      -0.8168,
      0.037431,
      -0.87144,
      -0.16171,
      -0.059479,
      -0.47404,
      -0.35192,
      0.23385,
      0.48068,
      -0.62359,
      -0.34616,
      -0.74264,
      0.862,
      0.058135,
      -0.88746,
      0.88427,
      0.044352,
      -1.3311,
      -0.75292,
      0.0038741,
      1.9239,
      -0.0038844,
      0.20404,
      0.34628,
      0.92243,
      0.51977,
      0.44603,
      0.66413,
      -0.28583,
      -0.22856,
      0.15901,
      0.15432,
      -0.010646,
      0.54427,
      -0.16472,
      0.25087,
      -0.16717,
      0.48428,
      0.46261,
      -0.40236,
      -1.2572,
      -0.2214,
      0.62866,
      -0.26963,
      -0.58282,
      0.28378,
      -1.7209,
      0.67255,
      0.8789,
      0.34816,
      -0.98948,
      0.45329,
      -0.59508,
      0.0074679,
      0.0057103,
      0.57929,
      0.63677,
      0.59389,
      -0.14338,
      -0.21355,
      0.47684,
      0.39174
    ]
  ],
  "centroids": {
    "1": [
      0.12582,
      0.20374,
      -0.11233,
      0.30449,
      -0.97691,
      -0.55421,
      0.42864,
      0.79282,
      -0.71571,
      0.75866,
      -0.10766,
      -0.35286,
      0.033271,
      -0.07644,
      0.34695,
      0.24515,
      0.53851,
      0.71005,
      0.052207,
      -0.13232,
      -0.47339,
      -0.17996,
      0.1982,
      -0.065087,
      -0.4349,
      0.43432,
      -0.095126,
      -0.39664,
      -0.47979,
      0.49398,
      -0.36787,
      0.20306,
      -0.34971,
      0.29699,
      1.0122,
      0.093338,
      -0.34915,
      -0.45919,
      -0.8168,
      0.037431,
      -0.87144,
      -0.16171,
      -0.059479,
      -0.47404,
      -0.35192,
      0.23385,
      0.48068,
      -0.62359,
      -0.34616,
      -0.74264,
      0.862,
      0.058135,
      -0.88746,
      0.88427,
      0.044352,
      -1.3311,
      -0.75292,
      0.0038741,
      1.9239,
      -0.0038844,
      0.20404,
      0.34628,
      0.92243,
      0.51977,
      0.44603,
      0.66413,
      -0.28583,
      -0.22856,
      0.15901,
      0.15432,
      -0.010646,
      0.54427,
      -0.16472,
      0.25087,
      -0.16717,
      0.48428,
      0.46261,
      -0.40236,
      -1.2572,
      -0.2214,
      0.62866,
      -0.26963,
      -0.58282,
      0.28378,
      -1.7209,
      0.67255,
      0.8789,
      0.34816,
      -0.98948,
      0.45329,
      -0.59508,
      0.0074679,
      0.0057103,
      0.57929,
      0.63677,
      0.59389,
      -0.14338,
      -0.21355,
      0.47684,
      0.39174
    ]
  },
  "centroidLabels": {
    "1": "testing"
  },
  "receivedData": [
    "[05/27/2025 22:08] computer, keyboard, monitor, mouse, printer, router, server, laptop, smartphone, tablet, firmware, software, hardware, network, database, keyboard, graphics, processor, firewall, cloud",
    "[05/27/2025 22:19] computer, keyboard, monitor, mouse, printer, router, server, laptop, smartphone, tablet, firmware, software, hardware, network, database, keyboard, graphics, processor, firewall, cloud",
    "[05/27/2025 22:19] forest, river, mountain, valley, ocean, desert, canyon, meadow, rainforest, glacier, waterfall, prairie, hill, island, volcano, savanna, reef, tundra, mangrove, marsh",
    "[05/27/2025 22:23] C2(however), C1(extraneous)",
    "[05/27/2025 22:24] C4(although), C3(software), C1(mountain), C2(extraneous)"
  ],
  "centroidHistory": [
    {
      "1": [
        0.12582,
        0.20374,
        -0.11233,
        0.30449,
        -0.97691,
        -0.55421,
        0.42864,
        0.79282,
        -0.71571,
        0.75866,
        -0.10766,
        -0.35286,
        0.033271,
        -0.07644,
        0.34695,
        0.24515,
        0.53851,
        0.71005,
        0.052207,
        -0.13232,
        -0.47339,
        -0.17996,
        0.1982,
        -0.065087,
        -0.4349,
        0.43432,
        -0.095126,
        -0.39664,
        -0.47979,
        0.49398,
        -0.36787,
        0.20306,
        -0.34971,
        0.29699,
        1.0122,
        0.093338,
        -0.34915,
        -0.45919,
        -0.8168,
        0.037431,
        -0.87144,
        -0.16171,
        -0.059479,
        -0.47404,
        -0.35192,
        0.23385,
        0.48068,
        -0.62359,
        -0.34616,
        -0.74264,
        0.862,
        0.058135,
        -0.88746,
        0.88427,
        0.044352,
        -1.3311,
        -0.75292,
        0.0038741,
        1.9239,
        -0.0038844,
        0.20404,
        0.34628,
        0.92243,
        0.51977,
        0.44603,
        0.66413,
        -0.28583,
        -0.22856,
        0.15901,
        0.15432,
        -0.010646,
        0.54427,
        -0.16472,
        0.25087,
        -0.16717,
        0.48428,
        0.46261,
        -0.40236,
        -1.2572,
        -0.2214,
        0.62866,
        -0.26963,
        -0.58282,
        0.28378,
        -1.7209,
        0.67255,
        0.8789,
        0.34816,
        -0.98948,
        0.45329,
        -0.59508,
        0.0074679,
        0.0057103,
        0.57929,
        0.63677,
        0.59389,
        -0.14338,
        -0.21355,
        0.47684,
        0.39174
      ]
    }
  ],
  "futureCentroids": {}
}